Dataset,Method,MSE,STD
Body,composite,0.660395874262,0.75375712381
Body,enet,0.664969582414,0.73970676752
Body,grace,0.654536847747,0.727751555691
Body,lasso,0.66811830674,0.745962539708
Body,linf,0.680680929737,0.812790363888
Prom,composite,0.650259966916,0.699388903526
Prom,enet,0.673496011599,0.748493818687
Prom,grace,0.65959871546,0.722291002173
Prom,lasso,0.676774086994,0.75244165631
Prom,linf,0.701879441854,0.856303157894
