,setup,model,mse,predictors,correlation,sens,spec,prec,params
0,Setup 1,enet,93.979314711,162,0.878649350306,1.0,0.329545454545,0.271604938272,"alpha=2.1100531328, l1_ratio=0.1"
2,Setup 2,enet,164.35647332,102,0.604493437901,0.977272727273,0.664772727273,0.421568627451,"alpha=11.1103305291, l1_ratio=0.1"
4,Setup 3,enet,58.3585057749,128,0.693257695663,1.0,0.469387755102,0.1875,"alpha=3.35361188889, l1_ratio=0.1"
6,Setup 4,enet,57.57235695,120,0.554761592876,0.916666666667,0.5,0.183333333333,"alpha=6.01854935939, l1_ratio=0.1"
1,Setup 1,lasso,685.861076369,3,0.508792017532,0.0681818181818,1.0,1.0,alpha=14.0112158685
3,Setup 2,lasso,15.4366546883,99,0.846218542977,0.863636363636,0.653409090909,0.383838383838,alpha=0.00958813433681
5,Setup 3,lasso,317.979813275,1,0.530008130125,0.0416666666667,1.0,1.0,alpha=11.8295344515
7,Setup 4,lasso,144.292870175,1,0.530008130125,0.0416666666667,1.0,1.0,alpha=8.46486760032
