,setup,model,mse,predictors,correlation,sens,spec,prec,params
0,Setup 1,gblasso,1.9921293841,85,0.980475794986,1.0,0.767045454545,0.517647058824,"gamma=3.0, lambda=10.0"
1,Setup 2,gblasso,8.24405132868,91,0.907570413806,1.0,0.732954545455,0.483516483516,"gamma=3.0, lambda=10.0"
2,Setup 3,gblasso,6.98214699471,95,0.754807755156,1.0,0.637755102041,0.252631578947,"gamma=2.0, lambda=10.0"
3,Setup 4,gblasso,6.82833196298,100,0.690224056959,1.0,0.612244897959,0.24,"gamma=3.0, lambda=10.0"
