,setup,model,mse,predictors,correlation,sens,spec,prec,params
0,Setup 1,gblasso,0.887133050995,365,0.984424676466,1.0,0.365612648221,0.120547945205,"gamma=3.0, lambda=10.0"
1,Setup 2,gblasso,16.2997563538,459,0.752322413645,1.0,0.179841897233,0.0958605664488,"gamma=3.0, lambda=10.0"
2,Setup 3,gblasso,3.26484628957,520,0.823396520806,1.0,0.0570342205323,0.0461538461538,"gamma=3.0, lambda=10.0"
3,Setup 4,gblasso,6.75382252378,474,0.638611289794,1.0,0.144486692015,0.0506329113924,"gamma=3.0, lambda=100.0"
