model,mse mean,mse std,correlation mean,correlation std,sens mean,sens std,spec mean,spec std,prec mean,prec std
lasso,10.6222145321,9.171665613,0.766053752028,0.197197278156,0.543068181818,0.203243058889,0.923549221228,0.0202268340301,0.645976295334,0.148025781816
enet,9.67109950132,8.56148744839,0.809444118082,0.149025016878,0.668503787879,0.208196608571,0.880131358972,0.0738147065348,0.625912491711,0.129307755384
grace,4.06772934209,5.40245124612,0.889014019574,0.121256469406,0.811685606061,0.236994085538,0.670121776191,0.312324738502,0.523509770718,0.167418829425
agrace,9.65669002254,8.45908878715,0.774249928002,0.162286291273,0.649204545454,0.204242269692,0.890381895217,0.0629142689873,0.636769080767,0.138913615947
linf,5.87095145328,6.40568212949,0.725786585929,0.239931647123,0.981647727273,0.0510069801256,0.652170183655,0.439918664895,0.633196891853,0.319360294348
alinf,12.1792946612,13.8685991941,0.373165833953,0.35382535737,0.980738636364,0.0539585084484,0.657126893612,0.44285899278,0.641268601812,0.319837248424
ttlp,9.02550332003,13.8156901496,0.776198262666,0.244806834963,0.918068181818,0.158168134365,0.650230921992,0.312405064932,0.512307758126,0.205669682863
ltlp,6.16407824309,9.95888432312,0.827996537746,0.201353671979,0.972632575758,0.0575132754803,0.376750204971,0.293092261008,0.357702926354,0.158452205686
composite,8.70359490263,9.22592372647,0.767200915372,0.168291246555,0.841287878788,0.250372800914,0.868712629633,0.146300635557,0.71329549137,0.204483892962
